{
    "configuracoes": {
        "taxa_arte": 15.0
    },
    "apostilas": {
        "preco_base": {
            "preto_e_branco": 0.15,
            "colorido": 0.45
        },
        "acrescimo_gramatura": {
            "75g/m²": 0.0,
            "90g/m²": 0.02,
            "120g/m²": 0.05,
            "180g/m²": 0.12
        },
        "custo_encadernacao": {
            "espiral": 2.0,
            "capa dura": 15.0,
            "grampeado": 0.5,
            "colado": 3.0
        },
        "custo_capa": 8.0
    },
    "rendimentos": {
        "A4": {
            "MEIO CORTE": {
                "2x2": 108,
                "2.5x2.5": 70,
                "3x3": 54,
                "3.5x3.5": 40,
                "4x4": 35,
                "4.5x4.5": 24,
                "5x5": 20,
                "5.5x5.5": 15,
                "6x6": 12,
                "6.5x6.5": 12,
                "7x7": 12,
                "7.5x7.5": 8,
                "8x8": 6,
                "8.5x8.5": 6,
                "9x9": 6,
                "9.5x9.5": 4,
                "10x10": 4
            },
            "CORTE TOTAL": {
                "3x3": 40,
                "3.5x3.5": 35,
                "4x4": 24,
                "4.5x4.5": 20,
                "5x5": 15,
                "5.5x5.5": 12,
                "6x6": 12,
                "6.5x6.5": 8,
                "7x7": 8,
                "7.5x7.5": 6,
                "8x8": 6,
                "8.5x8.5": 4,
                "9x9": 4,
                "9.5x9.5": 2,
                "10x10": 2
            }
        },
        "SUPER A3": {
            "MEIO CORTE": {
                "2x2": 240,
                "2.5x2.5": 180,
                "3x3": 120,
                "3.5x3.5": 90,
                "4x4": 70,
                "4.5x4.5": 56,
                "5x5": 40,
                "5.5x5.5": 35,
                "6x6": 28,
                "6.5x6.5": 24,
                "7x7": 24,
                "7.5x7.5": 20,
                "8x8": 20,
                "8.5x8.5": 15,
                "9x9": 15,
                "9.5x9.5": 12,
                "10x10": 12
            },
            "CORTE TOTAL": {
                "3x3": 100,
                "3.5x3.5": 80,
                "4x4": 60,
                "4.5x4.5": 48,
                "5x5": 35,
                "5.5x5.5": 30,
                "6x6": 24,
                "6.5x6.5": 24,
                "7x7": 20,
                "7.5x7.5": 15,
                "8x8": 15,
                "8.5x8.5": 12,
                "9x9": 12,
                "9.5x9.5": 10,
                "10x10": 10
            }
        }
    },
    "precos_corte": [
        {
            "formato": "A4",
            "tipo": "MEIO CORTE",
            "min": 1,
            "max": 9999,
            "valor": 0.1
        },
        {
            "formato": "A4",
            "tipo": "CORTE TOTAL",
            "min": 1,
            "max": 9999,
            "valor": 0.3
        },
        {
            "formato": "SUPER A3",
            "tipo": "MEIO CORTE",
            "min": 1,
            "max": 9999,
            "valor": 0.15
        },
        {
            "formato": "SUPER A3",
            "tipo": "CORTE TOTAL",
            "min": 1,
            "max": 9999,
            "valor": 0.4
        }
    ],
    "precos_impressao": {
        "vinil": {
            "A4": [
                {
                    "min": 1,
                    "max": 9999,
                    "valor": 6.5
                }
            ],
            "SUPER A3": [
                {
                    "min": 1,
                    "max": 9999,
                    "valor": 13.0
                }
            ]
        },
        "couche": {
            "A4": [
                {
                    "min": 1,
                    "max": 9999,
                    "valor": 5.0
                }
            ],
            "SUPER A3": [
                {
                    "min": 1,
                    "max": 9999,
                    "valor": 10.0
                }
            ]
        }
    }
}